Workbook
Name DF_GRID_1: Mapa!$D$9:$K$73
Name DF_GRID_2: Despesa - Dot [1]Disponível!$F$13:$L$14
Name DF_GRID_3: Receita - Dot [2]Corrigida!$F$13:$L$14
Name DF_GRID_4: Despesa - Dot [1]Disponível!$F$21:$L$22

Sheet BExRepositorySheet
A1: 7

Sheet Mapa
B2: FV
A3: 5.1.1.1.6 - Plan. dos OBJ, ACT, ACC e EAC
D7: 21-04-2017 | F7: Última atualização
K9: Resultado global
K10: Dotação | M10: Recursos utilizados 2022 | R10: Recursos utilizados 2023
D11: Objectivo | E11: Tipo de Atividade | F11: Actividade PA | G11: Acção | H11: Elemento de Acção | I11: Económica Despesa Legal | K11: 2022 | L11: 2023 | M11: Of | N11: Alun | O11: Sarg | P11: Pr | Q11: Civis | R11: Of | S11: Alun | T11: Sarg | U11: Pr | V11: Civis
D12: 00 21 Aumentar particip sociedade atividades Exército | E12: Ensino | F12: Reforçar a afirmação e a ligação da AM à sociedade | G12: Formação em Liderança | H12: Ação de formação em Liderança à CGD (5 dias) | I12: 02.01.05 | J12: Alimentação-Refeições confeccionadas | K12: 4000 | L12: 4000 | M12: 2 | N12: 0 | O12: 2 | P12: 1 | Q12: 2 | R12: 3 | S12: 0 | T12: 3 | U12: 2 | V12: 2
D13: 00 21 Aumentar particip sociedade atividades Exército | E13: Ensino | F13: Reforçar a afirmação e a ligação da AM à sociedade | G13: Formação em Liderança | H13: Ação de formação em Liderança à CGD (5 dias) | I13: 02.01.06 | J13: Alimentação-Géneros pª confeccionar | K13: 8000 | L13: 7500
D14: 00 21 Aumentar particip sociedade atividades Exército | E14: Ensino | F14: Reforçar a afirmação e a ligação da AM à sociedade | G14: Formação em Liderança | H14: Ação de formação em Liderança à CGD (5 dias) | I14: 02.01.08.C0.00 | J14: Material de Escritório - Outros | K14: 500 | L14: 600
D15: 00 21 Aumentar particip sociedade atividades Exército | E15: Ensino | F15: Reforçar a afirmação e a ligação da AM à sociedade | G15: Formação em Liderança | H15: Ação de formação em Liderança à CGD (5 dias) | I15: 02.01.15 | J15: Prémios, condecorações e ofertas | K15: 2000 | L15: 1900
D16: 00 21 Aumentar particip sociedade atividades Exército | E16: Ensino | F16: Reforçar a afirmação e a ligação da AM à sociedade | G16: Formação em Liderança | H16: Ação de formação em Liderança à CGD (5 dias) | I16: 02.01.19 | J16: Artigos honoríficos e de decoração | K16: 5000 | L16: 4750
D17: 00 21 Aumentar particip sociedade atividades Exército | E17: Ensino | F17: Reforçar a afirmação e a ligação da AM à sociedade | G17: Formação em Liderança | H17: Ação de formação em Liderança à CGD (5 dias) | I17: 02.01.21 | J17: Outros bens | K17: 175 | L17: 200
D18: 00 21 Aumentar particip sociedade atividades Exército | E18: Ensino | F18: Reforçar a afirmação e a ligação da AM à sociedade | G18: Formação em Liderança | H18: Ação de formação em Liderança à CGD (5 dias) | I18: 02.02.17 | J18: Publicidade | K18: 500 | L18: 600
E19: Ensino | F19: Reforçar a afirmação e a ligação da AM à sociedade | G19: Formação em Liderança | H19: Ação de formação em Liderança à ANJE (5 dias) | I19: 02.01.05 | J19: Alimentação-Refeições confeccionadas | K19: 4000 | L19: 4000 | M19: 2 | N19: 0 | O19: 2 | P19: 1 | Q19: 2 | R19: 4 | S19: 0 | T19: 3 | U19: 4 | V19: 2
E20: Ensino | F20: Reforçar a afirmação e a ligação da AM à sociedade | G20: Formação em Liderança | H20: Ação de formação em Liderança à ANJE (5 dias) | I20: 02.01.06 | J20: Alimentação-Géneros pª confeccionar | K20: 8000 | L20: 7500
E21: Ensino | F21: Reforçar a afirmação e a ligação da AM à sociedade | G21: Formação em Liderança | H21: Ação de formação em Liderança à ANJE (5 dias) | I21: 02.01.08.C0.00 | J21: Material de Escritório - Outros | K21: 500 | L21: 600
E22: Ensino | F22: Reforçar a afirmação e a ligação da AM à sociedade | G22: Formação em Liderança | H22: Ação de formação em Liderança à ANJE (5 dias) | I22: 02.01.15 | J22: Prémios, condecorações e ofertas | K22: 2000 | L22: 1900
E23: Ensino | F23: Reforçar a afirmação e a ligação da AM à sociedade | G23: Formação em Liderança | H23: Ação de formação em Liderança à ANJE (5 dias) | I23: 02.01.19 | J23: Artigos honoríficos e de decoração | K23: 5000 | L23: 4750
E24: Ensino | F24: Reforçar a afirmação e a ligação da AM à sociedade | G24: Formação em Liderança | H24: Ação de formação em Liderança à ANJE (5 dias) | I24: 02.01.21 | J24: Outros bens | K24: 175 | L24: 200
E25: Ensino | F25: Reforçar a afirmação e a ligação da AM à sociedade | G25: Formação em Liderança | H25: Ação de formação em Liderança à ANJE (5 dias) | I25: 02.02.17 | J25: Publicidade | K25: 500 | L25: 600
D26: 00 22 Ampliar quant tipologia ativid Ex destinadas cidadãos | E26: Formação | F26: Integrar a formação científica, militar e comportamental | G26: Cerimónias Militares e Actividades Culturais do CAl | H26: Cerimónias Militares e Actividades Culturais do CAl | I26: 02.01.06 | J26: Alimentação-Géneros pª confeccionar | K26: 200 | L26: 300 | M26: 10 cerimónias | R26: 11 cerimónias
D27: 00 22 Ampliar quant tipologia ativid Ex destinadas cidadãos | E27: Formação | F27: Integrar a formação científica, militar e comportamental | G27: Cerimónias Militares e Actividades Culturais do CAl | H27: Cerimónias Militares e Actividades Culturais do CAl | I27: 02.01.08.C0.00 | J27: Material de Escritório - Outros | K27: 250 | L27: 250
D28: 00 22 Ampliar quant tipologia ativid Ex destinadas cidadãos | E28: Formação | F28: Integrar a formação científica, militar e comportamental | G28: Cerimónias Militares e Actividades Culturais do CAl | H28: Cerimónias Militares e Actividades Culturais do CAl | I28: 02.02.21 | J28: Utilização de infra-estruturas de transportes | K28: 500 | L28: 500
D29: 00 22 Ampliar quant tipologia ativid Ex destinadas cidadãos | E29: Formação | F29: Integrar a formação científica, militar e comportamental | G29: Cerimónias Militares e Actividades Culturais do CAl | H29: Cerimónias Militares e Actividades Culturais do CAl | I29: 02.02.25 | J29: Outros serviços | K29: 800 | L29: 1500
D30: 00 31 Aumentar as forças e o pessoal treinado e certificado | E30: Formação | F30: Integrar a formação científica, militar e comportamental | G30: Cursos para não docentes do CAl | H30: Cursos para não docentes do CAl | I30: 02.01.08.C0.00 | J30: Material de Escritório - Outros | K30: 500 | L30: 500 | O30: 2 | T30: 2
D31: 00 31 Aumentar as forças e o pessoal treinado e certificado | E31: Formação | F31: Integrar a formação científica, militar e comportamental | G31: Cursos para não docentes do CAl | H31: Cursos para não docentes do CAl | I31: 02.01.21 | J31: Outros bens | K31: 250 | L31: 250
D32: 00 31 Aumentar as forças e o pessoal treinado e certificado | E32: Formação | F32: Integrar a formação científica, militar e comportamental | G32: Cursos para não docentes do CAl | H32: Cursos para não docentes do CAl | I32: 02.02.13 | J32: Deslocações e estadas | K32: 2150 | L32: 2150
D33: 00 31 Aumentar as forças e o pessoal treinado e certificado | E33: Formação | F33: Integrar a formação científica, militar e comportamental | G33: Cursos para não docentes do CAl | H33: Cursos para não docentes do CAl | I33: 02.02.21 | J33: Utilização de infra-estruturas de transportes | K33: 1250 | L33: 1250
D34: 00 31 Aumentar as forças e o pessoal treinado e certificado | E34: Formação | F34: Integrar a formação científica, militar e comportamental | G34: Cursos para docentes do CAl | H34: Cursos para docentes do CAl | I34: 02.02.15.B0.00 | J34: Formação - Outras | K34: 2500 | L34: 5500 | M34: 1 | R34: 2
D35: 00 31 Aumentar as forças e o pessoal treinado e certificado | E35: Formação | F35: Integrar a formação científica, militar e comportamental | G35: Formação Militar e Exercícios | H35: BFM2 | I35: 02.01.08.C0.00 | J35: Material de Escritório - Outros | K35: 5000 | L35: 4500 | M35: 8 | N35: 200 | O35: 1 | P35: 5 | Q35: 2 | R35: 8 | S35: 250 | T35: 1 | U35: 5 | V35: 2
D36: 00 31 Aumentar as forças e o pessoal treinado e certificado | E36: Formação | F36: Integrar a formação científica, militar e comportamental | G36: Formação Militar e Exercícios | H36: BFM2 | I36: 02.01.21 | J36: Outros bens | K36: 1700 | L36: 1500
D37: 00 31 Aumentar as forças e o pessoal treinado e certificado | E37: Formação | F37: Integrar a formação científica, militar e comportamental | G37: Formação Militar e Exercícios | H37: BFM2 | I37: 02.02.10 | J37: Transportes | K37: 5000 | L37: 5000
D38: 00 31 Aumentar as forças e o pessoal treinado e certificado | E38: Formação | F38: Integrar a formação científica, militar e comportamental | G38: Formação Militar e Exercícios | H38: BFM2 | I38: 02.02.21 | J38: Utilização de infra-estruturas de transportes | K38: 1200 | L38: 1000
D39: 00 31 Aumentar as forças e o pessoal treinado e certificado | E39: Formação | F39: Integrar a formação científica, militar e comportamental | G39: Formação Militar e Exercícios | H39: BFM3 | I39: 02.01.08.C0.00 | J39: Material de Escritório - Outros | K39: 5000 | L39: 5000 | M39: 8 | N39: 200 | O39: 1 | P39: 5 | Q39: 2 | R39: 8 | S39: 250 | T39: 1 | U39: 5 | V39: 2
D40: 00 31 Aumentar as forças e o pessoal treinado e certificado | E40: Formação | F40: Integrar a formação científica, militar e comportamental | G40: Formação Militar e Exercícios | H40: BFM3 | I40: 02.01.21 | J40: Outros bens | K40: 1700 | L40: 1700
D41: 00 31 Aumentar as forças e o pessoal treinado e certificado | E41: Formação | F41: Integrar a formação científica, militar e comportamental | G41: Formação Militar e Exercícios | H41: BFM3 | I41: 02.02.10 | J41: Transportes | K41: 29100 | L41: 40000
D42: 00 31 Aumentar as forças e o pessoal treinado e certificado | E42: Formação | F42: Integrar a formação científica, militar e comportamental | G42: Formação Militar e Exercícios | H42: BFM3 | I42: 02.02.21 | J42: Utilização de infra-estruturas de transportes | K42: 1200 | L42: 1200
D43: 00 31 Aumentar as forças e o pessoal treinado e certificado | E43: Formação | F43: Integrar a formação científica, militar e comportamental | G43: Cerimónias Militares e Actividades Culturais do CAl | H43: Baile de finalistas | I43: 02.01.05 | J43: Alimentação-Refeições confeccionadas | K43: 12000 | L43: 12000 | M43: 25 | N43: 200 | O43: 1 | P43: 3 | Q43: 10 | R43: 15 | S43: 250 | T43: 1 | U43: 3 | V43: 10
D44: 00 31 Aumentar as forças e o pessoal treinado e certificado | E44: Formação | F44: Integrar a formação científica, militar e comportamental | G44: Cerimónias Militares e Actividades Culturais do CAl | H44: Baile de finalistas | I44: 02.01.06 | J44: Alimentação-Géneros pª confeccionar | K44: 600 | L44: 600
D45: 00 31 Aumentar as forças e o pessoal treinado e certificado | E45: Formação | F45: Integrar a formação científica, militar e comportamental | G45: Cerimónias Militares e Actividades Culturais do CAl | H45: Baile de finalistas | I45: 02.01.15 | J45: Prémios, condecorações e ofertas | K45: 1500 | L45: 1500
D46: 00 31 Aumentar as forças e o pessoal treinado e certificado | E46: Formação | F46: Integrar a formação científica, militar e comportamental | G46: Cerimónias Militares e Actividades Culturais do CAl | H46: Baile de finalistas | I46: 02.01.21 | J46: Outros bens | K46: 1500 | L46: 1500
D47: 00 31 Aumentar as forças e o pessoal treinado e certificado | E47: Formação | F47: Integrar a formação científica, militar e comportamental | G47: Cerimónias Militares e Actividades Culturais do CAl | H47: Baile de finalistas | I47: 02.02.20.E0.00 | J47: Outros Trabalhos Especializados - Outros | K47: 25000 | L47: 35000
D48: 00 31 Aumentar as forças e o pessoal treinado e certificado | E48: Formação | F48: Integrar a formação científica, militar e comportamental | G48: Cerimónias Militares e Actividades Culturais do CAl | H48: Baile de finalistas | I48: 02.02.25 | J48: Outros serviços | K48: 5000 | L48: 6500
D49: 00 31 Aumentar as forças e o pessoal treinado e certificado | E49: Formação | F49: Integrar a formação científica, militar e comportamental | G49: Cerimónias Militares e Actividades Culturais do CAl | H49: Baile de Cal | I49: 02.01.06 | J49: Alimentação-Géneros pª confeccionar | K49: 1000 | L49: 1000
D50: 00 31 Aumentar as forças e o pessoal treinado e certificado | E50: Formação | F50: Integrar a formação científica, militar e comportamental | G50: Cerimónias Militares e Actividades Culturais do CAl | H50: Baile de Cal | I50: 02.01.18 | J50: Livros e documentação técnica | K50: 2500 | L50: 2500
D51: 00 31 Aumentar as forças e o pessoal treinado e certificado | E51: Formação | F51: Integrar a formação científica, militar e comportamental | G51: Cerimónias Militares e Actividades Culturais do CAl | H51: Livro de Curso | I51: 02.02.25 | J51: Outros serviços | K51: 1000 | L51: 1000
D52: 00 51 Aumentar qualidade reconhecimento oferta educativa Ex | E52: Ensino | F52: Elevar a qualidade do Ensino | G52: Equipamento de apoio ao ensino | H52: Equipamentos de apoio à coordenação escolar | I52: 07.01.10.A0.B0 | J52: Eq Básico-Admin Central-Estado-Outros | K52: 741 | L52: 750 | M52: 3 | O52: 1 | P52: 5 | R52: 3 | T52: 1 | U52: 5
D53: 00 51 Aumentar qualidade reconhecimento oferta educativa Ex | E53: Ensino | F53: Elevar a qualidade do Ensino | G53: Biblioteca | H53: Aquisição de livros e revistas | I53: 02.01.18 | J53: Livros e documentação técnica | K53: 15000 | L53: 20000 | N53: 50 | S53: 60
D54: 00 51 Aumentar qualidade reconhecimento oferta educativa Ex | E54: Ensino | F54: Reforçar a qualificação e explorar sinergias no âmbito do IU | G54: Formação de docentes e discentes | H54: Ações de formação e cursos de qualificação | I54: 02.02.15.B0.00 | J54: Formação - Outras | K54: 6500 | L54: 7000 | M54: 2 | R54: 2
D55: 00 61 Melhorar patrim hist, cult, intel, científ conhec e am | E55: Investigação | F55: Valorizar e reforçar a investigação e a internacionalização | G55: Publicidade e divulgação da AM | H55: Revista PROELIUM | I55: 02.01.18 | J55: Livros e documentação técnica | K55: 2500 | L55: 3500 | M55: 2 | N55: 1 | O55: 2 | P55: 3 | R55: 2 | S55: 1 | T55: 2 | U55: 3
D56: 00 63 Asseg o controlo, a segurança, a qualidade e a igualda | E56: Vida Corrente | F56: Garantir adequada preservação e divulgação do património | G56: Segurança das instalações | H56: Casa da Guarda de Policia (CCTV) | I56: 07.01.10.A0.B0 | J56: Eq Básico-Admin Central-Estado-Outros | K56: 8000 | L56: 8000 | M56: 1 | N56: 4 | O56: 1 | P56: 4 | R56: 1 | S56: 4 | T56: 2 | U56: 5
D57: 00 83 Melhorar obtenção e a gestão recursos mat e infraestru | E57: Vida Corrente | F57: Garantir a administração e execução dos serviços de base | G57: Encargos de Vida Corrente e Funcionamento Normal | H57: Encargos de Vida Corrente e Funcionamento Normal | I57: 02.01.02 | J57: Combustíveis e lubrificantes | K57: 11250 | L57: =K57*1.05 -> 11812.5
D58: 00 83 Melhorar obtenção e a gestão recursos mat e infraestru | E58: Vida Corrente | F58: Garantir a administração e execução dos serviços de base | G58: Encargos de Vida Corrente e Funcionamento Normal | H58: Encargos de Vida Corrente e Funcionamento Normal | I58: 02.01.04 | J58: Limpeza e higiene | K58: 26250 | L58: =K58*1.05 -> 27562.5
D59: 00 83 Melhorar obtenção e a gestão recursos mat e infraestru | E59: Vida Corrente | F59: Garantir a administração e execução dos serviços de base | G59: Encargos de Vida Corrente e Funcionamento Normal | H59: Encargos de Vida Corrente e Funcionamento Normal | I59: 02.01.08.A0.00 | J59: Material de Escritório | K59: 3750 | L59: =K59*1.05 -> 3937.5
D60: 00 83 Melhorar obtenção e a gestão recursos mat e infraestru | E60: Vida Corrente | F60: Garantir a administração e execução dos serviços de base | G60: Encargos de Vida Corrente e Funcionamento Normal | H60: Encargos de Vida Corrente e Funcionamento Normal | I60: 02.01.17 | J60: Ferramentas e utensílios | K60: 7500 | L60: =K60*1.05 -> 7875
D61: 00 83 Melhorar obtenção e a gestão recursos mat e infraestru | E61: Vida Corrente | F61: Garantir a administração e execução dos serviços de base | G61: Encargos de Vida Corrente e Funcionamento Normal | H61: Encargos de Vida Corrente e Funcionamento Normal | I61: 02.01.21 | J61: Outros bens | K61: 13750 | L61: =K61*1.05 -> 14437.5
D62: 00 83 Melhorar obtenção e a gestão recursos mat e infraestru | E62: Vida Corrente | F62: Garantir a administração e execução dos serviços de base | G62: Encargos de Vida Corrente e Funcionamento Normal | H62: Encargos de Vida Corrente e Funcionamento Normal | I62: 02.02.01.B0.00 | J62: Encargos das Instalações | K62: 609500 | L62: 800000
D63: 00 83 Melhorar obtenção e a gestão recursos mat e infraestru | E63: Vida Corrente | F63: Garantir a administração e execução dos serviços de base | G63: Encargos de Vida Corrente e Funcionamento Normal | H63: Encargos de Vida Corrente e Funcionamento Normal | I63: 02.02.02 | J63: Limpeza e higiene. | K63: 329411 | L63: 310000
D64: 1 83 Melhorar obtenção e a gestão recursos mat e infraestru | E64: Vida Corrente | F64: Garantir a administração e execução dos serviços de base | G64: Encargos de Vida Corrente e Funcionamento Normal | H64: Encargos de Vida Corrente e Funcionamento Normal | I64: 02.02.03 | J64: Conservação de bens | K64: 50000 | L64: =K64*1.05 -> 52500
D65: 00 83 Melhorar obtenção e a gestão recursos mat e infraestru | E65: Vida Corrente | F65: Garantir a administração e execução dos serviços de base | G65: Encargos de Vida Corrente e Funcionamento Normal | H65: Encargos de Vida Corrente e Funcionamento Normal | I65: 02.02.09.B0.00 | J65: Comunicações fixas de dados | K65: 3750 | L65: =K65*1.05 -> 3937.5
D66: 00 83 Melhorar obtenção e a gestão recursos mat e infraestru | E66: Vida Corrente | F66: Garantir a administração e execução dos serviços de base | G66: Encargos de Vida Corrente e Funcionamento Normal | H66: Encargos de Vida Corrente e Funcionamento Normal | I66: 02.02.10 | J66: Transportes | K66: 55000 | L66: =K66*1.05 -> 57750
D67: 00 83 Melhorar obtenção e a gestão recursos mat e infraestru | E67: Vida Corrente | F67: Garantir a administração e execução dos serviços de base | G67: Encargos de Vida Corrente e Funcionamento Normal | H67: Encargos de Vida Corrente e Funcionamento Normal | I67: 02.02.12.B0.00 | J67: Seguros-Outras | K67: 7500 | L67: =K67*1.05 -> 7875
D68: 00 83 Melhorar obtenção e a gestão recursos mat e infraestru | E68: Vida Corrente | F68: Garantir a administração e execução dos serviços de base | G68: Encargos de Vida Corrente e Funcionamento Normal | H68: Encargos de Vida Corrente e Funcionamento Normal | I68: 02.02.19.C0.00 | J68: Assistência técnica - Outros | K68: 48530 | L68: =K68*1.05 -> 50956.5
D69: 00 83 Melhorar obtenção e a gestão recursos mat e infraestru | E69: Vida Corrente | F69: Garantir a administração e execução dos serviços de base | G69: Encargos de Vida Corrente e Funcionamento Normal | H69: Encargos de Vida Corrente e Funcionamento Normal | I69: 02.02.21 | J69: Utilização de infra-estruturas de transportes | K69: 11250 | L69: =K69*1.05 -> 11812.5
D70: 00 83 Melhorar obtenção e a gestão recursos mat e infraestru | E70: Vida Corrente | F70: Garantir a administração e execução dos serviços de base | G70: Conservação instalações | H70: Reabilitação e manutenção de edifícios | I70: 02.02.03 | J70: Conservação de bens | K70: 62000 | L70: =K70*1.05 -> 65100 | M70: 3 | Q70: 2 | R70: 4 | V70: 4
D71: 00 93 Reforçar a IDI como catalizador de um Exército moderno | E71: Investigação | F71: Valorizar e reforçar a investigação e a internacionalização | G71: Projeto de Investigação financiado OMDN | H71: IDIMIL_MZ - I&D Militar em Moçambique | I71: 01.02.04 | J71: Ajudas de custo | K71: 3354 | L71: =K71*1.05 -> 3521.7
D72: 00 93 Reforçar a IDI como catalizador de um Exército moderno | E72: Investigação | F72: Valorizar e reforçar a investigação e a internacionalização | G72: Projeto de Investigação financiado OMDN | H72: IDIMIL_MZ - I&D Militar em Moçambique | I72: 02.02.13 | J72: Deslocações e estadas | K72: 4113 | L72: =K72*1.05 -> 4318.65
D73: 00 93 Reforçar a IDI como catalizador de um Exército moderno | E73: Investigação | F73: Valorizar e reforçar a investigação e a internacionalização | G73: Projeto de Investigação financiado OMDN | H73: IDIMIL_MZ - I&D Militar em Moçambique | I73: 02.02.15.B0.00 | J73: Formação - Outras | K73: 670 | L73: =K73*1.05 -> 703.5
K74: =SUM(K12:K73) -> 1429069 | L74: =SUM(L12:L73) -> 1646150.3

Sheet Outros
A1: Ano | B1: Orçamento total | C1: Atividades | D1: Orçamento parcial | E1: Outputs | F1: Inquérito Grau satisfação (1 - Mau a 5 - Muito bom)
F2: Média
A3: 2022 | B3: =Mapa!K74 -> 1429069 | C3: Formação | D3: =Mapa!K26+Mapa!K27+Mapa!K28+Mapa!K29+Mapa!K30+Mapa!K31+Mapa!K32+Mapa!K33+Mapa!K34+Mapa!K35+Mapa!K36+Mapa!K37+Mapa!K38+Mapa!K39+Mapa!K40+Mapa!K41+Mapa!K42+Mapa!K43+Mapa!K44+Mapa!K45+Mapa!K46+Mapa!K47+Mapa!K48+Mapa!K49+Mapa!K50+Mapa!K51 -> 108400 | E3: 110 alunos | F3: 4.1
C4: Investigação | D4: =Mapa!K55+Mapa!K71+Mapa!K72+Mapa!K73 -> 10637 | F4: 3.8
C5: Ensino | D5: =Mapa!K12+Mapa!K13+Mapa!K14+Mapa!K15+Mapa!K16+Mapa!K17+Mapa!K18+Mapa!K19+Mapa!K20+Mapa!K21+Mapa!K22+Mapa!K23+Mapa!K24+Mapa!K25+Mapa!K52+Mapa!K53+Mapa!K54 -> 62591 | F5: 4.1
C6: Vida Corrente | D6: =B3-D3-D4-D5 -> 1247441 | F6: 3.8
A7: 2023 | B7: =Mapa!L74 -> 1646150.3 | C7: Formação | D7: =Mapa!L26+Mapa!L27+Mapa!L28+Mapa!L29+Mapa!L30+Mapa!L31+Mapa!L32+Mapa!L33+Mapa!L34+Mapa!L35+Mapa!L36+Mapa!L37+Mapa!L38+Mapa!L39+Mapa!L40+Mapa!L41+Mapa!L42+Mapa!L43+Mapa!L44+Mapa!L45+Mapa!L46+Mapa!L47+Mapa!L48+Mapa!L49+Mapa!L50+Mapa!L51 -> 133700 | E7: 140 alunos | F7: 4.1
C8: Investigação | D8: =Mapa!L55+Mapa!L71+Mapa!L72+Mapa!L73 -> 12043.85 | F8: 4.1
C9: Ensino | D9: =Mapa!L12+Mapa!L13+Mapa!L14+Mapa!L15+Mapa!L16+Mapa!L17+Mapa!L18+Mapa!L19+Mapa!L20+Mapa!L21+Mapa!L22+Mapa!L23+Mapa!L24+Mapa!L25+Mapa!L52+Mapa!L53+Mapa!L54 -> 66850 | F9: 4.4
C10: Vida Corrente | D10: =B7-D7-D8-D9 -> 1433556.5 | F10: 3.8
